Date,Correlation + Volatility,Volatility Only,Correlation + ED,ED Only,AD Only
2024-08-27,-0.22055003552763353,-0.20680536936760197,-0.28324671616517527,-0.26443207473432206,-0.22283331873726997
2024-08-28,-0.4835982404019834,-0.43713218358786277,-0.7674511134804551,-0.72090306409478,-0.716193064358972
2024-08-29,-0.01609448326399532,-0.021210151937745003,-0.440684878968467,-0.44602166318938874,-0.4553674085956638
2024-08-30,0.7794342371184149,0.7899666218605494,0.356883740559244,0.3823071408470824,0.24628623790556858
2024-09-03,-0.4829171556831491,-0.3653509549247591,-1.7203955270001514,-1.5974126076280015,-2.0819115853617176
2024-09-04,-0.7438234244281361,-0.5478183268219472,-2.1105518928429268,-1.9104765881609365,-2.564280483819914
2024-09-05,-1.1677134654570875,-0.9722438298192526,-2.31701756577819,-2.100426997025351,-2.8736278140929605
2024-09-06,-2.417641355002942,-2.1366539311570953,-3.921254555679732,-3.6526645759363707,-4.3671243277604415
2024-09-09,-1.1822712323078965,-0.8843784931630183,-2.556499801278511,-2.266258855039882,-3.000179137526804
2024-09-10,-1.532767855921957,-1.0549511852516291,-3.0712838511857687,-2.6151290191724907,-3.690197054069999
2024-09-11,-1.5211021905248256,-1.0949941684147646,-2.5876448373466143,-2.154998312989398,-3.10299031712018
2024-09-12,-1.1713906614552738,-0.7930162914804972,-2.065235405192589,-1.6776881554660616,-2.5674274197315716
2024-09-13,-0.72727993715338,-0.30984135279820135,-1.7013698108797493,-1.281454780931901,-2.195830064314308
2024-09-16,-0.08667575456816623,0.33467455307729654,-1.1607101795437336,-0.7444667466527166,-1.5875964106133678
2024-09-17,0.05173570775256486,0.34232613779903165,-0.7576090566795757,-0.45913683154492624,-1.1505149253592584
2024-09-18,-0.05251035145364957,0.2407299907532412,-0.8983964808458755,-0.6021258567525556,-1.3265241543731876
2024-09-19,0.9848296877292606,1.1500598162471842,0.7501639188242981,0.9563856275977001,0.33108939593162745
2024-09-20,0.9556729288804133,1.1203254099696913,0.4466792903655259,0.6646859617057244,0.006374893914173896
2024-09-23,1.22716670234706,1.3782371004202432,0.8496331299093773,1.055910687629602,0.28871384423307944
2024-09-24,1.307616158533409,1.5143611157988124,1.0578250890264318,1.319447130739504,0.5081763653958182
2024-09-25,0.6145303185568274,0.8473337622127763,0.3307303795961891,0.6325567247462693,-0.2507227836526793
2024-09-26,0.2883821736689107,0.5521520041882555,-0.16082026384839354,0.19174008696845046,-0.7131807285129299
2024-09-27,0.8297833710162905,1.0486760329151412,0.4441767931890439,0.7412738470059299,-0.16116566425313783
2024-09-30,1.322261619130094,1.5303690443395856,0.9689602040678924,1.2488985703676514,0.3661235897487458
2024-10-01,1.0807184155928296,1.266537231982845,0.7488808483485654,0.9694464311096773,0.12920054592229224
2024-10-02,1.0710476127828716,1.2269576911594138,0.8951340373379857,1.0700663479736194,0.3577408379436653
2024-10-03,0.8066373141704108,0.9292293338707625,0.8887282449034473,1.005823768089642,0.4847517837077042
2024-10-04,1.6215065044096422,1.6812542674651931,2.0200664719310257,2.0815820642078986,1.5756943045612815
2024-10-07,0.8672480962323093,0.9432359021914305,1.465503801847956,1.5228150875655988,1.195548002676694
2024-10-08,0.9804169023285958,1.123950563258047,1.5110082346571074,1.6657986145144577,1.2495857072455152
2024-10-09,1.8288110935339663,2.0420271187736594,2.231438999193869,2.4521020147600714,1.9919896295829131
2024-10-10,1.6846863468115814,1.8091922337472255,2.2507861835441734,2.377029204102188,2.007930123378876
2024-10-11,2.4506830900961285,2.511233462979834,2.81661367653947,2.8979370387614667,2.7637402780488873
2024-10-14,2.974198445589371,3.029080144688767,3.347222166152375,3.4343498509890047,3.3216028046307855
2024-10-15,2.2652805822670707,2.402145359317287,2.2509909818995144,2.456336780318047,2.2574932071311116
2024-10-16,2.697366302427029,2.856330658126849,2.7615829852685625,2.9846691664769276,2.764754225331645
2024-10-17,2.634265885571341,2.7266193926904325,2.8470657084032958,3.0072021407898664,2.887955585609192
2024-10-18,2.851227863881456,2.957012407827486,2.9998081351992667,3.1758829852741366,3.0230224819581597
2024-10-21,2.218418011969314,2.2845172843253936,2.659918772545611,2.7885407252808747,2.7159125014877716
2024-10-22,2.5115204874341712,2.5592340733120222,2.9905700362894194,3.0956792647648834,3.0740674130993906
2024-10-23,1.9185519220612512,2.0599599200974428,2.2376926024835653,2.3975636424526714,2.364398024194414
2024-10-24,2.39785762954432,2.4958140194982104,3.1279345049938234,3.301592523249308,2.8472029309543068
2024-10-25,1.9853735879513446,2.0494614292479785,2.9108392859229726,3.0542672029825413,2.528940047467154
2024-10-28,2.3333597478922607,2.439679923671356,3.1061058117321627,3.300438329923572,2.78761270341199
2024-10-29,1.5656035818016445,1.636362015360926,2.4925006993627985,2.6560659012110355,2.202217509993165
2024-10-30,1.455580735645201,1.5328889259681233,2.3026103136656983,2.468440053644594,1.9898873306809062
2024-10-31,0.6834842698121291,0.7824879034070698,1.4217102355322364,1.5607337325862503,1.1219150031072767
2024-11-01,0.9725676141995043,1.0535247951357851,1.7146371163216045,1.854741064501253,1.3355086101862534
2024-11-04,0.7362521517687348,0.7389732691288398,1.6880523278503645,1.73763398202047,1.3967496155381065
2024-11-05,1.6984614975016799,1.7245287301429046,2.7787729580941223,2.861403300753995,2.455548837902466
2024-11-06,4.4814572044251655,4.238881505658143,6.470690123739309,6.339766903643551,6.02006232588721
2024-11-07,4.597256120668969,4.427891574115983,6.626903509006099,6.568853721463874,6.079407210275312
2024-11-08,5.247012902937698,5.0732275604804755,7.219764643114668,7.187412383081693,6.486953962906705
2024-11-11,5.367836700249051,5.1700130047231285,7.448697334128451,7.410602331828242,6.508133684788819
2024-11-12,4.882986279252655,4.654613490202308,7.031190120324959,6.96462880136115,6.249738851784592
2024-11-13,5.503230758795796,5.273311097311639,7.705227961317385,7.640696756487708,6.914842645523733
2024-11-14,5.139220662649402,4.751987210674735,7.481993034304946,7.271344217757836,6.8861367378003635
2024-11-15,4.78159513076426,4.364183405016209,6.8861050188046224,6.654299366785166,6.220934046157689
2024-11-18,5.173339678829825,4.732853453639785,7.348053424398571,7.098556643110809,6.564367868510934
2024-11-19,5.209579155193955,4.80241632310392,7.515150924758163,7.316226094518807,6.740039955916277
2024-11-20,5.409012243311961,5.013225024259715,7.6028769182055145,7.387686187202069,6.7586631756154425
2024-11-21,6.1660222229060535,5.8139276313456945,8.215221728215539,8.047019596350435,7.459441394970767
2024-11-22,6.9623416184722675,6.655899223673267,8.848701026500061,8.751014028039062,8.04848122059758
2024-11-25,7.0108103482884765,6.835402107520605,8.276364778754818,8.330563073754993,7.387647157454791
2024-11-26,7.620948992321974,7.411454261480754,8.860289560092728,8.90131205125131,7.961023232676467
2024-11-27,7.502014586782257,7.337506913540071,8.61079345838367,8.680435564663092,7.731353885301817
2024-11-29,7.958798987978177,7.817715084533816,9.234556492968316,9.331042929176059,8.305072268096536
2024-12-02,7.828284837619259,7.669423991327973,9.178846462414892,9.26926758593627,8.151541761873805
2024-12-03,7.523189228243488,7.341164335044015,9.040891587827016,9.111681274285012,8.057409528539793
2024-12-04,6.968118245054167,6.852163149933377,8.582272872998642,8.72918231779547,7.556465847847438
2024-12-05,7.358252403839161,7.162729976772386,9.159031515007499,9.263686456286347,8.157199930417946
2024-12-06,6.9686169784776375,6.782610363910169,8.861746220132716,9.008379049293659,7.773877450459876
2024-12-09,6.694653566532627,6.554786217960662,8.466742161655993,8.643658322119862,7.294458488306588
2024-12-10,6.498114068522165,6.341302610680022,8.07071432684523,8.237460570741263,6.738490188222568
2024-12-11,6.343409784013576,6.060091884761687,8.405438666548148,8.498566085748438,7.08934521122524
2024-12-12,5.970323961176027,5.637795377458277,7.918901143842905,7.987181986790803,6.6587875463615775
2024-12-13,5.752661010169158,5.512945285064075,7.596317951138287,7.744996190273401,6.198701741190971
2024-12-16,5.101494907762594,4.817688340609116,7.0520072438366554,7.20519174526999,5.550522791758006
2024-12-17,5.113146038871297,4.961528830144846,6.883992966623231,7.162769178865558,5.305945311982141
2024-12-18,2.7710638088745743,2.714792721434023,4.147005492978928,4.463837811451832,2.6229524110744418
2024-12-19,2.3883818605231255,2.289474962565685,3.8740136926525226,4.165627913966952,2.4118364003033133
2024-12-20,3.2193842667915806,3.1368950478685154,4.762225728914049,5.07442493072372,3.399811008721776
2024-12-23,3.5321260288767586,3.4437618064985243,5.3167719189953555,5.61912229471937,3.9575882638748894
2024-12-24,4.645539487986539,4.553319791780042,6.520763434368115,6.845634414531165,5.025103596870051
2024-12-26,4.620902886974521,4.521828805456662,6.434011608919854,6.748021623694922,4.964235489778135
2024-12-27,3.8835283595777037,3.793437328853444,5.543521410924401,5.848661981683145,4.1483764942069845
2024-12-30,2.958844882053402,2.854566473301645,4.674740681293321,4.954811258126091,3.3641744794223882
2024-12-31,3.109144674704334,2.9765373651984284,4.773228835400523,5.0029071126764135,3.521886685326714
2025-01-02,2.8517083591093284,2.7004779543192026,4.655494570798946,4.85146763893014,3.5760893125968085
2025-01-03,3.750149018256721,3.5760749791553526,5.915468804640667,6.099357057977062,4.694758832685908
2025-01-06,3.670644821884772,3.5405509671537105,6.115432890497807,6.331570037272716,4.927379871797899
2025-01-07,3.634137695438633,3.5045690212747838,5.756957073903601,5.943815189996582,4.589478773437494
2025-01-08,3.779033208310145,3.6221328348281068,5.792633658138802,5.985512879574206,4.592887361637787
2025-01-10,2.833608275979138,2.747324102435833,4.738180088652277,4.9649110693304355,3.4740238136874657
2025-01-13,3.6152537972796273,3.5068718191617387,5.486508352214736,5.666591082491013,4.0921340161685915
2025-01-14,3.9848235714832647,3.8044361256068138,5.796274258616285,5.9188953503581,4.439179363116463
2025-01-15,5.658207508452917,5.383134641272247,7.967517227145637,8.039777066205644,6.5794980640798695
2025-01-16,5.331742453494592,5.059157792206914,7.506057511170994,7.58183110838313,6.303410009003496
2025-01-17,6.194492462261958,5.830447404293615,8.629056889867236,8.643696147736124,7.40864873185656
2025-01-21,6.50759503445022,6.295273025676185,8.801121964738211,8.95255907480561,7.548698814026045
2025-01-22,6.236716781074136,5.927451456950061,8.786385678251252,8.870510681236542,7.6799692880744175
2025-01-23,6.886991930929565,6.6365033402004725,9.392956686238296,9.520773927504301,8.298910496274381
2025-01-24,6.5474250877266105,6.380476875258934,8.67687330694482,8.888116204505646,7.520754576310051
2025-01-27,7.770810607578849,7.7812663882389055,8.643800157050885,9.00883047015233,7.21333117292331
2025-01-28,7.629492779224756,7.59649688746451,9.09751071975824,9.437667656840354,7.827398954957898
2025-01-29,7.387823577441099,7.342648461888657,8.623858068186951,8.943752628012813,7.341702279148876
2025-01-30,7.760748130100481,7.803407840049248,8.73087041501337,9.132186817027721,7.3035085702394476
2025-01-31,6.582949379622671,6.700420241534211,7.2961767372758946,7.778030539572667,5.757799797162111
2025-02-03,6.169629814957744,6.315132992382644,6.573187792807111,7.058642629539702,5.050818527130763
2025-02-04,7.0515982853166514,7.113385796702554,7.803180319314729,8.195844581129851,6.25506333823862
2025-02-05,7.5383265174225444,7.656594635370473,8.354690883575188,8.797832128954619,7.037683300496278
2025-02-06,7.74916744171994,7.766949549044977,8.715970705694076,9.101034604685744,7.5126610734078225
2025-02-07,6.9508125984232505,6.9430263963143,7.863482652222431,8.214428997434542,6.7722739952438715
2025-02-10,7.553421238852565,7.574678304504356,8.544400356670923,8.894734442707852,7.499612111669651
2025-02-11,8.463299679685177,8.374886652865076,9.15135965191325,9.411992192533859,8.213783316701061
2025-02-12,7.958361501633071,7.918255284628262,8.306150202098884,8.651156668377036,7.296986654868731
2025-02-13,8.918431484780953,8.922331446987597,9.279289250532518,9.681781722954664,8.145820209397314
2025-02-14,8.507605623880066,8.445680346675122,9.285937305276736,9.623617476801162,8.247004730230746
2025-02-18,8.698888242085845,8.512032974319862,9.706227578131443,9.937477648621096,8.824422905856167
2025-02-19,9.308856828671818,9.152458384039974,10.23232419522342,10.471154387426918,9.273149416203609
2025-02-20,8.562394915353222,8.290316904685247,9.753039928640717,9.856620358677093,8.86890352575378
2025-02-21,7.275958907419677,7.010366241240207,7.953430489281699,8.087922595788744,7.173657467177796
2025-02-24,6.895028010055526,6.649210942235273,7.5036379270654985,7.634197976887114,6.780702657369675
2025-02-25,6.816514637188487,6.792403638710698,6.694474451337684,7.0073263002570885,6.005689143818027
2025-02-26,6.114394092826347,6.008968921521807,6.278632194063949,6.523284965642007,5.750804100302442
2025-02-27,5.727366372165266,5.636282799106285,5.44564347901324,5.677004444444167,4.847034244761739
2025-02-28,7.557148492749799,7.434924089554418,7.4906655710674785,7.711774695945772,6.891174781885945
2025-03-03,5.7731514937490624,5.805792912723673,4.734621240608861,5.114409348889337,3.9982828818528215
2025-03-04,3.806569447875341,3.8777608713686407,2.9349343459601496,3.3013843788631814,2.228200350010767
2025-03-05,4.209437575610431,4.338634364348182,3.3045706657242047,3.7530746461846842,2.5833028434904426
2025-03-06,3.5059483773028255,3.6853048929537557,2.2350749185634067,2.6803122813781943,1.4814686242208275
2025-03-07,3.880008818369851,3.9943839641222167,2.711823756398113,3.0896496903127346,1.9556464223494663
2025-03-10,1.9867764881553063,2.0648802687569745,0.6187991717896635,0.8893875364371029,0.0900788208652692
2025-03-11,1.3068407122046377,1.367384140811212,0.17214195720169911,0.4196936655785244,-0.43945004991546854
2025-03-12,0.9957027335140367,0.9395681155623281,0.6186734749207723,0.7669173584065714,-0.016033768311773944
2025-03-13,-0.026131044985977514,-0.07515424410240445,-0.5111956292557451,-0.3787590014202591,-1.1323443758165297
2025-03-14,1.7594927286233686,1.591314459296056,1.7884584568045092,1.8165367998174586,1.2124028467392467
2025-03-17,2.5499745403636753,2.413134185587351,2.3477228631067826,2.393599764890708,1.8540149362032299
2025-03-18,2.1128997905980107,1.9823787221993072,1.7814481967095341,1.8054983114905943,1.353869594907775
2025-03-19,3.0576044722229634,2.83706710088083,2.996598948641327,2.9563266472086402,2.5271321198662156
2025-03-20,3.3168625189816003,3.0837775152410485,3.306096575311801,3.2498227207850228,2.8357274856485093
2025-03-21,3.5533897465348963,3.3411798381805635,3.6276031242501006,3.5912848779845685,3.035437530264984
2025-03-24,4.8666839578433985,4.631901284712092,5.241026249856917,5.226412045267881,4.447780057501749
2025-03-25,4.781730685436081,4.375130837787311,5.460280423611086,5.31159100391092,4.604091355412265
2025-03-26,4.72754960348154,4.305505008671395,4.930038390301461,4.751384656066615,4.08080864861331
2025-03-27,4.64573702683968,4.247585578636781,4.6060845975898435,4.4512797890597255,3.677003464173012
2025-03-28,3.3149968980616284,3.0277064339904403,3.063136137033151,2.96974006441566,2.1678822320434055
2025-03-31,4.445720529481245,4.200539938445935,3.954203568327075,3.888504746183319,3.088235133321282
2025-04-01,4.211761251915647,3.75065265335246,4.179257321037433,3.9724856808281306,3.2997956479175805
2025-04-02,4.7809787897989064,4.380107814341994,4.831951309291149,4.684059634585558,3.8626993348471528
2025-04-03,0.7193463142212586,0.7408391294075889,-0.7028824193554439,-0.5086825545508766,-1.8878874335947704
2025-04-04,-5.143625997827861,-4.912896531843236,-7.030074332463765,-6.663661206690197,-8.17759115527087
2025-04-07,-5.904124148114642,-5.702383838952785,-7.555821039244326,-7.222309490653411,-8.679631122609432
2025-04-08,-7.1172302935965215,-6.869606025822561,-9.100892004673167,-8.740257210033286,-10.254641328773983
2025-04-09,-0.22532180677222735,-0.17869882915891866,-1.0305726316904407,-0.7847900407653929,-2.2807145144270957
2025-04-10,-3.0278845049589997,-2.7258365661585904,-4.882807527643774,-4.39981398567676,-6.208148857102492
2025-04-11,-1.2008172965139008,-0.9373672373512276,-2.9118824603557636,-2.477604038137149,-4.183655706880551
2025-04-14,-0.5159386211638362,-0.22021042048221418,-2.3764299916576026,-1.9044628253834017,-3.583564531524952
2025-04-15,-0.6572093113751953,-0.35921516382552143,-2.4095273780308624,-1.9284661559892502,-3.5851325190323746
2025-04-16,-2.0856136308116224,-1.8204430480023293,-4.059610399909131,-3.647932927120434,-5.256256118048663
2025-04-17,-1.864641336091033,-1.8438731924189877,-3.5189791265118786,-3.2725221946560468,-4.324544427576738
2025-04-21,-3.811892199958744,-3.777567631809131,-5.603193513735749,-5.3522504508410895,-6.273493653965179
2025-04-22,-1.5452941820412014,-1.5807440920573845,-3.1600961154061413,-2.948106299375497,-3.851126271650407
2025-04-23,-0.9239697804577895,-1.0303214407767824,-2.179221645860119,-1.9970145394204053,-2.926842857471934
2025-04-24,0.04343167017066829,-0.12160983051400232,-0.6584912365078299,-0.5275978521625868,-1.3537983784334684
2025-04-25,0.36495450555191766,0.1641504326522325,0.039898267183668956,0.16121532789572512,-0.7747163750624786
2025-04-28,0.5546371582064502,0.3578746623051243,0.16355067497437759,0.2822412651940942,-0.6646544090311846
2025-04-29,0.8408897306330543,0.699030742951745,0.41742471947778803,0.6051502019283506,-0.39415015382329166
2025-04-30,0.5163029660238294,0.5380384993898701,-0.2546309091770227,0.08886988592988754,-1.0026505660964746
2025-05-01,0.8256155826827261,0.6837309914739853,0.6420501393680222,0.8432769150223507,0.07095239272736364
2025-05-02,1.8005905517336718,1.6600572843957773,1.7496637091092726,1.9575680078019575,1.2357672175424828
2025-05-05,0.7595375098520041,0.7126453111350628,0.39330269549182617,0.6916733358316218,-0.13637694263676226
2025-05-06,0.14837647205570015,-0.025846533088991208,-0.10363205507605278,0.07274238490877494,-0.5924048181098263
2025-05-07,0.5304732717600569,0.3659577647295631,0.31096893890742994,0.4970678469550016,-0.1680606377541416
2025-05-08,0.9826640393882258,0.7170828393380235,1.1496583363880264,1.2588407387419842,0.6958022047248935
2025-05-09,0.9301091684930984,0.5808125353218285,1.3327450718987999,1.3750833174938748,0.7952200592338032
2025-05-12,3.5089252518502922,3.04761746356228,4.541471210692727,4.526436503951015,4.003175898620581
2025-05-13,2.8823560542085014,2.0515301889706183,5.011803079036681,4.736903250008417,4.817511265172336
2025-05-14,2.88480186587341,1.9584024792275612,5.257766236839978,4.926728229776778,5.069263386179168
2025-05-15,3.2203459096427967,2.2077049441947327,5.5488976719697325,5.1773080137820005,5.633143924684947
2025-05-16,4.000342601719331,3.1264200059192504,6.068307925110572,5.8142167002678935,5.992784354822556
2025-05-19,4.118744040525413,3.4107908404823473,5.792056419014124,5.668446685634376,5.586011405409663
2025-05-20,3.9548450352458575,3.3627281804599285,5.3981417459093795,5.375562760768804,5.130845610035362
2025-05-21,2.265216044647378,1.64701478314635,3.556427991360822,3.5161235454987283,3.3525031495298396
2025-05-22,1.9695486519216265,1.325239265679956,3.4034587581902587,3.352075971290902,3.1996242288590215
2025-05-23,1.7952965208749339,1.1900979414530388,3.0417455561648987,3.02529777488707,2.8171355459072567
2025-05-27,3.3554544538608733,2.7250669041328335,4.85406734211431,4.848430813926274,4.5877777531758035
2025-05-28,2.655141605385092,2.048721934364428,4.0340771930982955,4.045087434325945,3.7470111793775907
2025-05-29,3.185296426272388,2.561343545155803,4.702258925945513,4.69436020282028,4.4471364700293
2025-05-30,3.308286339235633,2.759035160840506,4.470579390444396,4.521201632819105,4.217265381321189
2025-06-02,3.570012787665311,3.01260919749593,4.884016435529359,4.9077723328691425,4.659858069831069
2025-06-03,3.8667250242510054,3.2429389304473366,5.520377966358869,5.484470755293125,5.401780167143144
2025-06-04,3.2423664714690936,2.6584132291728624,4.759502751427447,4.7691096875625005,4.680777071393583
2025-06-05,2.3574760870575195,1.7496585012786614,3.7589386967366467,3.718852262341432,3.9957908237088002
2025-06-06,3.738086600516821,3.048466274118522,5.341803723343297,5.227971258866804,5.484160596167409
2025-06-09,4.076819116605845,3.4111741323471945,5.824628983987412,5.732147689003786,5.864849396542704
2025-06-10,5.054863832000134,4.336977781718976,7.06393519992401,6.917997660652908,7.0268862013580735
2025-06-11,5.039542478704262,4.268692708639388,7.259036913944827,7.034374307002023,7.252191809231867
2025-06-12,5.5473383996555325,4.803062564550897,7.7870099339320875,7.571069380203177,7.845420722064245
2025-06-13,4.918719577757358,4.114889493846774,7.397931700724025,7.083470083866628,7.388824398213734
2025-06-16,5.206952034354018,4.321499644049687,7.889666679690066,7.531389588639326,7.917482651096286
2025-06-17,4.646435692289197,3.682131284333656,7.511952889407425,7.054485977816216,7.614583645538819
2025-06-18,4.698733484863649,3.710378837768813,7.640564836429431,7.184628907552448,7.768335977580465
2025-06-20,5.029330977743585,3.993658090536778,8.074025727072275,7.578560495101017,8.274717210692927
2025-06-23,5.6335464120367496,4.686867664521999,8.442116826398195,8.084212503479549,8.492280870581048
2025-06-24,5.786425307085752,4.949822102667012,8.37833940894046,8.149242802135692,8.4714917832303
2025-06-25,5.744048222173315,4.871644861887137,8.583531582763793,8.31871065658165,8.881964182717583
2025-06-26,6.421410183653986,5.439896074263517,9.542672905193417,9.17873539035603,9.906639269285101
2025-06-27,6.869473428497663,5.947934081631634,9.831646872244292,9.534491482049855,10.136498070746725
2025-06-30,7.0934084905901695,6.1908707851806355,9.927613650131462,9.660631580788692,10.324450190359435
2025-07-01,8.233912270436083,7.426974770022898,10.681786108334501,10.476318631837511,11.072462268657679
2025-07-02,8.668938977960284,7.712434739602103,11.726496735969816,11.396744646583024,12.229545593589863
2025-07-03,9.311459004623623,8.325069486492897,12.453318890999654,12.103479012931606,12.979711151733397
2025-07-07,8.361689541503491,7.417075702048037,11.314002267004032,10.986399764453282,11.950877490476675
2025-07-08,8.218735644562635,7.248638655969075,11.578110658584674,11.168624296989837,12.21796924503944
2025-07-09,8.120625742451292,7.150579678163815,11.609203977433257,11.205059934575168,12.313676003235251
2025-07-10,8.752274721694619,7.712617112501818,12.432675821935746,11.98232394826022,13.115146374844166
2025-07-11,8.717575947207479,7.652572071946939,12.494619573669663,12.012527463416479,13.094397328963048
2025-07-14,8.211121966059443,7.201114499283645,11.951539703695069,11.52536167036482,12.527057877559344
2025-07-15,7.25927755321214,6.154879010522607,11.212157966056434,10.701697373342189,11.883260144208396
2025-07-16,7.696856404070207,6.7228051081591245,11.401724682043813,10.98957671746177,11.993851401164646
2025-07-17,8.276398745728276,7.186188257204429,12.037124916164089,11.550044736362764,12.71096233669271
2025-07-18,7.970534403370744,6.920868562520166,11.609128508890155,11.193983486045944,12.214723380752467
2025-07-21,8.116813778503595,7.0740199489112365,11.673866419694656,11.270225398217715,12.244079273015096
2025-07-22,8.797453151180346,7.871827297660183,12.15215420294471,11.842116368968725,12.677143171612082
2025-07-23,9.787258487321626,8.841254161310431,13.378587111660867,13.036107669076614,13.969156530770977
2025-07-24,9.795554761678439,8.751508507478988,13.547945175385712,13.106488149185026,14.435557502439323
2025-07-25,9.981720259514336,8.947882354916349,13.757543379056546,13.341967931310528,14.580682435717506
2025-07-28,9.954973325151052,8.845003159276521,14.131420599362032,13.630240710905305,14.922272117940416
2025-07-29,9.860061486166583,8.661194595253807,14.14885905107337,13.570204859274671,15.128711623022962
2025-07-30,9.14915917586221,7.964788022423885,13.525488963013043,12.945891773090757,14.490693772717389
2025-07-31,8.044729008794294,6.761307940758621,12.686179595662562,12.014764556475722,13.826684717551041
2025-08-01,6.704831153270829,5.579076462426191,10.832824018032937,10.307176597621837,12.096136902717447
2025-08-04,7.530928818834437,6.47567768029611,11.682914437597237,11.232975703275084,13.036155288574491
2025-08-05,7.840490782251153,6.949041199130157,11.779017709599637,11.471174228251503,13.01060596813095
2025-08-06,8.566420218843461,7.615090947861414,12.501889341623706,12.176616465549571,13.635993610181885
2025-08-07,8.718469481132063,7.795927067974739,12.544066599273318,12.259791001594088,13.638750646646592
2025-08-08,9.816372904481629,8.900759191752861,13.740906683954313,13.459669889536485,14.798516414886208
2025-08-11,9.876575254599773,8.995827606921903,13.663877164902072,13.42763909051139,14.633383503274189
2025-08-12,10.945400265755056,10.03303240815725,14.857448842791321,14.606213706903182,15.871962988786436
2025-08-13,11.478313101682037,10.625730993834214,15.337385822736294,15.1252449571327,16.268222618209617
2025-08-14,11.364566024228996,10.493795931419614,15.327304344052761,15.0911546074179,16.24497235547566
2025-08-15,11.76110695243542,11.065558652117824,15.23062864407696,15.108749781245967,15.863930653215853
2025-08-18,11.85764431205245,11.17533586003745,15.35751259905247,15.24477524633534,15.926592834751885
2025-08-19,11.96047090994341,11.349579901167118,15.067248907324204,15.027357569231924,15.638261364483984
2025-08-20,12.05516813304559,11.420473723965774,15.135191043577967,15.057539073671911,15.786805300494834
2025-08-21,11.769973406512225,11.082757652777019,14.909836117930686,14.776303340918195,15.56135591929153
2025-08-22,13.29930608730674,12.530644546513914,16.88334182382336,16.696057333812785,17.47581938493097
2025-08-25,12.726195230299897,11.868142797611991,16.661864736384047,16.371597200373287,17.245623439312794
2025-08-26,12.801277587786174,11.889201475435529,16.84318465274879,16.526433797390496,17.441012566154267
2025-08-27,13.331975271716479,12.394460737166524,17.42785492755381,17.07984489938783,18.046007627814966
2025-08-28,13.241578481070015,12.222022699316138,17.48161072742358,17.054567725450752,18.126891866808403
2025-08-29,13.592288866810541,12.622891401464397,17.470045890629372,17.069755990049586,18.097569029795025
2025-09-02,13.378748332229605,12.464463418947226,17.059528760131414,16.69314681352121,17.68086719172377
2025-09-03,13.085192091180797,12.271880931546653,16.45700854827352,16.222238194265913,16.996223300637038
2025-09-04,13.984039130705828,13.149801475738654,17.510923449998252,17.263696904120216,18.020865105131033
2025-09-05,13.01018848764135,12.398874845128184,16.038111990291725,16.014665856872746,16.315783492469738
2025-09-08,12.969939803484042,12.39605420213028,16.001095826058243,15.998637389576121,16.25792520872331
2025-09-09,14.029408325674652,13.489097400772266,16.996747077033113,17.01490253357738,17.13277119296539
2025-09-10,13.974303967227165,13.308552944898388,17.450121530449515,17.32802141530798,17.75480022607272
2025-09-11,15.145312342968165,14.585067128070905,18.533161254458875,18.52413780926092,18.713050353957385
2025-09-12,15.061601385971478,14.434717914532769,18.640059851522395,18.58529791968717,18.668058671675315
2025-09-15,15.33386816936435,14.68251386441526,19.09330358234307,19.02992389417364,19.06344424196209
2025-09-16,15.633157679943444,14.859173100215873,19.617962271476586,19.44368896025688,19.53335815493915
2025-09-17,16.176893826564243,15.396784846274914,19.92324631964828,19.758074189616835,19.783147998130744
2025-09-18,15.671473768161114,14.857660628687297,19.714091330305862,19.531892113035543,19.749976104514054
2025-09-19,15.761135148999283,14.957606386658394,19.78309017864359,19.62368641755221,19.76568235511813
2025-09-22,15.69697270903978,14.901360369092775,19.972918080545753,19.821242940059648,19.971778100465087
2025-09-23,15.822967859603487,15.050725640577234,19.925480263771945,19.757275366844773,19.934990157055445
2025-09-24,16.029744983670756,15.240594468673763,20.25119618899025,20.050203501568966,20.1311705245244
2025-09-25,15.957084998791892,15.077504323372114,20.305126423895125,19.999855970204237,20.359991448867266
2025-09-26,16.59015798408896,15.698004221007512,21.18097043252327,20.85445287725478,21.197797600016123
2025-09-29,16.431994369236193,15.636389647727933,20.788393256594983,20.575822008182666,20.760452547226937
2025-09-30,16.60765553871841,16.044420449149357,20.799005246257906,20.794983906654064,20.809458435032745
2025-10-01,16.64624762912934,16.239800277544457,20.814411633868946,20.947634583603048,20.71330540480414
2025-10-02,16.005378371425884,15.664142608951327,20.018917147555058,20.196485189374826,19.95577160365578
2025-10-03,16.683096293297382,16.37001482195961,20.630688663536834,20.811462410859804,20.610100607758184
2025-10-06,16.67075481536797,16.2446487019694,20.93208939404374,21.001670552490225,20.803174088507625
2025-10-07,16.79141826952426,16.3668670749368,20.799933101806346,20.86074611323574,20.69731976441702
2025-10-08,16.3355742007639,15.930565988976841,20.428237283928063,20.490889844798854,20.20724757292134
2025-10-09,15.89884551156473,15.4730276854667,19.928165882063077,19.981020788844184,19.699641875133246
2025-10-10,13.781948317263272,13.44581700470484,17.12654641530953,17.266661184630138,16.960037338062506
2025-10-13,14.870900922931263,14.464580295720687,18.652214217483753,18.73574292130482,18.432893689174268
2025-10-14,15.116362563333286,14.811833226035741,18.407826422579852,18.581722813685886,18.12287756406019
2025-10-15,15.376582380179492,15.086676953750366,18.65816614191862,18.850599181511598,18.32309997353785
2025-10-16,14.657934164826457,14.364942258785662,17.82339442421039,18.016424489501603,17.527703189688616
2025-10-17,15.514005148208977,15.228832188153184,18.658723776554552,18.869895782485013,18.31187687861533
2025-10-20,16.52870847808432,16.191823018674746,19.739013557952354,19.9179471347668,19.322925080517606
2025-10-21,16.68349540980656,16.32668782035558,19.648235343465824,19.839092278838866,19.144690532612675
2025-10-22,16.474561598859893,16.099982648885657,19.54133642006921,19.678574401915427,19.08901465816255
2025-10-23,16.87536360423463,16.409356889302185,20.33743709047804,20.378592647727235,19.880206760357154
2025-10-24,17.374361645757208,16.866077544982904,20.885817335342182,20.927278048914786,20.58945157291978
2025-10-27,18.108958310875533,17.51268984679626,21.953311315748316,21.931775361294136,21.602173430756476
2025-10-28,18.058165881335576,17.395123462102724,22.1937971397034,22.14367909630608,21.867058468869118
2025-10-29,17.432699037579024,16.666173462400135,22.15563674656773,21.977934448671753,21.939264680495807
2025-10-30,17.06621103079935,16.321594091356406,21.407438646955868,21.262163036416414,21.363038580684023
2025-10-31,17.780942052062265,16.97425221421558,22.23375857803427,22.0669288852952,21.918944581642098
2025-11-03,17.2184931751072,16.415836475913537,21.99530408396859,21.840875092471236,21.616308310778763
2025-11-04,16.923370113472135,16.12337234376582,21.358764364085324,21.20259178202202,21.08356548591963
2025-11-05,16.425271463335676,15.639120408927498,20.863779615958535,20.726933656120615,20.4538440654102
2025-11-06,15.992852581649464,15.229114328835536,20.037202690176414,19.921784242296315,19.663988309449355
2025-11-07,16.655096201501962,15.833276070812662,20.670891582632002,20.49046478541705,20.357201607184216
2025-11-10,17.445960884604126,16.54716361711508,22.023384869708586,21.768572447854506,21.764893116291905
2025-11-11,18.937568561348648,18.1546018362273,23.231692853924947,23.067324794175924,22.983445889846067
2025-11-12,19.05067206533415,18.3796023035417,23.1239938709604,23.065768505600246,22.94536830919771
2025-11-13,17.71167962556264,17.060710117301948,21.526108383154565,21.43846118136441,21.444810450400077
2025-11-14,17.456829632051818,16.651377504138722,21.653267284450383,21.399046609946804,21.66596428611125
2025-11-17,16.408030101765036,15.763439038386128,20.298475811017536,20.16807202596509,20.18724217339909
2025-11-18,15.742161008376577,15.020853378181641,19.526384415924735,19.304849308185634,19.482205469477833
2025-11-19,15.542658417365974,14.795190487341525,19.32272108014379,19.0976141800266,19.30300394453073
2025-11-20,15.068479587867811,14.48466909017949,18.35289304000738,18.244571642463605,18.283132103699252
2025-11-21,15.998708377493642,15.474503069899171,18.921731962989007,18.89851368858533,18.767655700589025
2025-11-24,16.225777113979547,15.690144515025239,19.47164518876312,19.448352713536266,19.1751900913826
2025-11-25,17.175707356445468,16.824183377155787,20.00051643195828,20.16729066836045,19.63149706753864
2025-11-26,18.10237783668498,17.75843308048706,21.02365786212399,21.202522065317453,20.683771309807742
2025-11-28,18.961963213821285,18.552694672909475,21.97988146437222,22.104901659672137,21.625749307997832
2025-12-01,18.652575681242656,18.170353926860592,21.958421734446976,22.00241504857443,21.6434648120607
2025-12-02,18.27274514068309,17.845989783463967,21.65215311090538,21.73878490401624,21.365438640574208
2025-12-03,19.490616107567348,19.125000387341462,22.87567350103177,23.00125558790336,22.4410680072346
2025-12-04,19.303225669218605,18.877362524584118,23.024604970534135,23.099495606748555,22.68254651313186
2025-12-05,19.139114707953997,18.768734307916457,22.955850002830005,23.08026255012059,22.677174216545957
2025-12-08,18.449777667799296,18.020310669407035,22.476123207297725,22.53835136532483,22.383284518097966
2025-12-09,18.27065425342336,17.800657648752647,22.476153157793412,22.47976728038985,22.34711893730701
2025-12-10,19.54191387066484,19.081517807005312,23.73814291929812,23.734422437282987,23.535927923317622
2025-12-11,20.27153211493018,19.919546555772772,24.29963922640588,24.37914201957785,24.13868118692357
2025-12-12,20.521751891648332,20.25679275934995,24.006765810518438,24.182393323469007,23.633402590952322
2025-12-15,20.719842715566863,20.546041039652874,24.01500570330082,24.28926868878016,23.56879539420884
2025-12-16,19.329444741518675,19.09218934578949,22.641869930994396,22.904305537635118,22.115875766846436
2025-12-17,19.705344664320144,19.34479857234632,23.00315071974466,23.116513522102267,22.596215515043518
2025-12-18,19.29932073243752,18.937858418455143,22.79814028859097,22.937094282030014,22.31104143856473
2025-12-19,19.47905465869617,19.035594187365202,23.319762370634688,23.392150688126435,22.938709068478637
2025-12-22,19.897520888806184,19.36183242160203,24.038144531558636,24.023157017843477,23.672223127358393
2025-12-23,20.035417583437585,19.381339583350776,24.47027722648798,24.35474253322778,24.1531967164055
2025-12-24,20.55938602071745,19.952901240252665,24.817592042104653,24.756386545573108,24.488958516131774
2025-12-26,20.511556260554897,19.95073849350426,24.728167177613237,24.699893062565682,24.43521086053333
2025-12-29,20.237802492642732,19.654675000696955,24.429395590563452,24.352930205267363,24.192503659310738
2025-12-30,20.236290452941663,19.621719401144368,24.494642548858337,24.37291198544047,24.25956668795486
2025-12-31,19.697844872132777,19.091379777862592,23.878255789436697,23.75949433441409,23.651330150611805
2026-01-02,20.449650883719485,19.836133845277537,24.90401348339897,24.74054200544684,24.846394058882293
2026-01-05,21.52531410466043,20.746345057523396,26.49667274654959,26.177044082793934,26.38187378419492
2026-01-06,21.23029688659539,20.661450180647954,25.746384815292412,25.637310855045637,25.62966496376733
2026-01-07,20.044859720793795,19.562094891173977,24.430175210729278,24.402048227459282,24.312079214418247
2026-01-08,21.662888209827138,21.037447627483786,26.122892846493762,25.963344673481025,25.91347986881358
2026-01-09,22.388215980713145,21.773151725872488,26.82483344069293,26.704552121554983,26.582205463647092
2026-01-12,22.551610136002086,22.05738562957591,26.71037855841327,26.695505416617713,26.442637005603807
2026-01-13,22.596604582487288,22.153188120358557,26.72481935528137,26.720439619396387,26.48882379553403
2026-01-14,22.825423824300128,22.410152685170857,26.929635037697807,26.884910984745304,26.74915849180268
2026-01-15,22.90371902135673,22.571166595506686,27.110863958298182,27.148183480508713,27.004197623053393
2026-01-16,22.724230972538617,22.331206370358125,26.98892378618163,26.978165716778292,26.90239957920695
2026-01-20,21.65070958042845,21.337675075752905,25.240817140188398,25.286454013889113,25.07811350341378
2026-01-21,22.49681873055769,22.232594940606653,26.33326184646425,26.405562717483622,26.100671525900367
2026-01-22,23.214438149301575,22.92648142972167,27.100144907332012,27.169432711726806,26.742165226437287
2026-01-23,23.62530896249573,23.32183135374062,27.60844817437327,27.643303354011216,27.213833627687436
2026-01-26,23.987015834538063,23.66703366442553,27.989936662541346,28.014725677230558,27.759295871498214
2026-01-27,23.563088291295763,22.944475092148807,28.302245291696025,28.0989250782663,28.52824841628905
2026-01-28,23.770680682098465,23.141041289650175,28.624390436130852,28.3657877638972,28.816880292004488
2026-01-29,23.88675956785349,23.24173538493568,28.522601823440084,28.2449480637335,28.69446978654424
2026-01-30,24.70075548825481,24.012145240719928,29.309937927218478,29.012507164895297,29.435136050605326
2026-02-02,25.24279357657848,24.72593494112829,29.199650794688846,29.092942976460723,29.270958773314405
2026-02-03,26.251397047425318,25.600203929186183,30.095006440551188,29.839209540949053,30.119693139396308
2026-02-04,26.977980459753393,26.29778928614961,30.794578411475328,30.49346768171377,30.99536490066861
2026-02-05,25.58518110585386,24.97376006564607,28.82712692548617,28.592841140006442,29.00592065124812
2026-02-06,27.89527134171106,27.307741344883784,31.663829057052407,31.433502330844853,32.10023732915099
2026-02-09,27.924725260862093,27.20824700820983,32.30663753482206,31.938181474102922,32.8756661255379
2026-02-10,27.60424746377197,26.960813198471968,32.02142663252629,31.72876298540219,32.5998167479328
2026-02-11,28.356795392577318,27.740323446071823,32.77039586668478,32.45733713950858,33.29893056971973
2026-02-12,27.18053301744925,26.84750281122814,30.86362517945558,30.768358496009164,31.284613027951956
2026-02-13,27.01543007230194,26.75840322015326,30.507832788749734,30.469588142350922,30.829371129301553
2026-02-17,26.712331760026075,26.331674414544402,30.133250783738895,30.03245153344021,30.487221966025135
2026-02-18,27.488704191772584,26.96291739750143,31.438270526758004,31.179145161291988,31.86648178155085
2026-02-19,27.148993417155644,26.570145793087384,31.123638430366096,30.792987874337598,31.49985015541661
2026-02-20,27.335384872994805,26.678355870508398,31.19249148516079,30.858301202784013,31.540024900742058
2026-02-23,26.791522319242354,26.24593381457565,30.409923874111968,30.136161284692143,30.807152682472825
2026-02-24,27.260362157828233,26.7114461120731,31.00391613356932,30.75303710347008,31.45102315082786
2026-02-25,27.942748217186807,27.335400761398155,31.9022353049885,31.60295288622872,32.298607180665904
2026-02-26,27.792584534229547,27.153548843182087,31.475235578087002,31.15307382873873,31.87338921488969
2026-02-27,27.77968987619004,27.3586702321619,30.885047210198913,30.684911362739232,31.010239370592085
2026-03-02,27.77488677565647,27.220829642121092,31.562037728879556,31.18488158144228,31.818705803097913
2026-03-03,26.980793200461562,26.35893310957018,30.85608908126103,30.414563101660264,31.221507965568772
2026-03-04,26.76793389771539,26.221944208051752,30.738750811494462,30.3886822903241,30.93813278885058
2026-03-05,25.55048935723663,24.859664725348885,30.003803062148204,29.500857357624668,30.177034149854
2026-03-06,24.806877446355458,24.202681620291845,29.029549218801563,28.57769687234819,29.231952722196098
2026-03-09,25.172674740643952,24.554356853377037,29.40311133950113,28.944034245783623,29.639123927156106
2026-03-10,25.068205261619326,24.560854393377873,29.086519091053063,28.757454827702844,29.31342861844719
2026-03-11,25.2034935257186,24.597378108255484,29.62749399569362,29.169102985927566,29.800153371070138
2026-03-12,24.080935174331497,23.397043255386606,28.628529979279804,28.04082310132838,28.852834054715593
2026-03-13,23.97132142472451,23.298583685626806,28.425111974531568,27.815518998564247,28.593734359202227
2026-03-16,24.933763405564015,24.23357317901129,29.46067017914915,28.839507122055718,29.61381902619067
2026-03-17,25.27670348365927,24.55165989142978,30.03221796238178,29.39562214150111,30.16801363651467
2026-03-18,23.712003003487816,22.955291519974953,28.633450127199467,27.937159695290582,28.83418752693585
2026-03-19,23.457798682917442,22.64645549242026,28.49574729736386,27.72765965417603,28.820267022580204
2026-03-20,22.507892515492877,21.584419570038694,27.57002782222713,26.68389706872616,27.972572786125106
2026-03-23,23.570856482405755,22.569462834925915,28.918226337068155,27.988095420884473,29.3321445845943
2026-03-24,23.927579203947857,22.924899475034177,29.42781739775171,28.462919877350522,29.82404049627798
2026-03-25,24.57201157390141,23.640399823866943,29.951731495769263,29.068626017336975,30.327028326754778
2026-03-26,23.855504723816544,22.902950351782934,29.230323595439465,28.27955258116004,29.662899919191243
2026-03-27,22.87560088730598,21.8495976639131,28.165992761118396,27.102958185224413,28.656750823506115
2026-03-30,23.421806970643043,22.487122753560108,28.43869979269669,27.46213893463225,28.929232534131334
2026-03-31,25.353572947792014,24.43985257993464,30.715819169433956,29.790434136139552,31.204734068135952
2026-04-01,24.977613199263327,24.270267437301296,29.93926760527572,29.263940381285416,30.31718999627808
2026-04-02,25.04534506819496,24.27374839817107,30.047417703122203,29.288517267037207,30.583320522638545
2026-04-06,25.641202177032785,24.792749127801628,30.72466158972087,29.89039280195169,31.280685953192133
2026-04-07,25.37713514854336,24.481861274311576,30.47575200337147,29.556041130007692,30.846121561615636
2026-04-08,26.830320152211407,26.151851091745048,31.277115926610865,30.664892409439837,31.724058559667377
2026-04-09,27.503396202056706,26.832841498213213,31.770693382958058,31.203927328573265,32.0612063022047
2026-04-10,26.83023919259,26.107421758698134,31.325347450582598,30.734344170040416,31.604420883206718
2026-04-13,27.315905183130383,26.58403438021526,32.053327645455745,31.43809883067099,32.30154182834113
2026-04-14,27.4460834793979,26.803978520827943,32.200233748218125,31.704730973860507,32.364659265865804
2026-04-15,27.76968811072664,27.080657912975603,32.96984022952254,32.44037262752437,33.02159141225487
2026-04-16,28.128915326145364,27.322575226703027,33.6766476976335,33.01864710914846,33.801764036740664
2026-04-17,28.995434686179443,28.397746993263652,34.041255876882495,33.657637471761404,34.08653131415438
2026-04-20,28.92483763458502,28.277757920268186,34.14476191387574,33.716830770860426,34.3156391921543
2026-04-21,28.799783589581217,28.178081133431654,34.119739024079074,33.64929208011613,34.16170268103564
2026-04-22,29.555020483989924,28.831274918536142,35.14775895012381,34.56793549191208,35.185664936796314
2026-04-23,29.948232823673713,29.275579914198644,35.04722652914052,34.49779976828209,35.06345896470864
2026-04-24,29.961541052229613,29.26634822587113,35.18998208754116,34.65976160660729,35.19200386748223
2026-04-27,29.689222382411764,28.90780580450114,35.30883350216336,34.70499050842164,35.42755843195158
2026-04-28,30.838276899281226,29.963503884659872,36.226254188836336,35.51949926613989,36.24197285369226
2026-04-29,30.921262818617713,29.945865267035977,36.473443592129094,35.62171116078163,36.37158831208767
2026-04-30,31.378642844984327,30.57784990122967,36.37772100523744,35.71119492011541,36.06863170949484
2026-05-01,31.138115843267265,30.279266595747135,36.15714336230174,35.473087064753805,35.76172387888765
2026-05-04,30.159692763220768,29.249308451951617,35.45561873908076,34.68648115671489,34.951740047124666
2026-05-05,30.789509611701128,29.84910500309961,35.994211392559095,35.22369014271953,35.54306811803767
2026-05-06,31.21528221628964,30.37031596774442,36.25649551296806,35.65965452681821,35.838339611748296
2026-05-07,30.198480775271143,29.467202246412725,35.278681087815976,34.79344477943358,34.77841959840588
2026-05-08,30.03841335205184,29.348084093248872,35.0814895269316,34.646515536779845,34.40449279840221
2026-05-11,30.227843594556347,29.42958229931678,35.83987590397453,35.26068262520366,35.11044096103091
2026-05-12,31.21396652297679,30.46044146608149,36.604455301215346,36.039529931150625,35.89371873704441
2026-05-13,31.498100294057153,30.833798499473254,36.94241869372532,36.425532973671146,36.09572703396131
2026-05-14,32.0353956631176,31.31050818485761,37.855055066559174,37.27053516538301,37.193497696424
2026-05-15,31.898235094510063,30.905656653484726,38.03554110972869,37.156294766385734,37.51869255179023
2026-05-18,32.743294157030654,31.689244571461984,38.87090553568648,37.91351471348931,38.4383203101843
2026-05-19,32.655833655004415,31.652832359505002,38.67253965487549,37.73873910456469,38.254547388675576
2026-05-20,32.97689038551057,31.982340166441148,39.00077038166812,38.16942470943259,38.64868482083024
2026-05-21,32.666824410720864,31.586301569249798,38.61154118243424,37.736908230771405,38.21081842999581
2026-05-22,33.15755049724372,32.07229058721899,38.90940110461685,38.0400598948226,38.41108265731099
2026-05-26,31.633633481354305,30.599089136736325,37.27758201608471,36.50572549263467,36.76056978291147
2026-05-27,32.04347463707353,31.156275133413924,37.19786918375754,36.598865853736505,36.501465378705646
2026-05-28,32.08708882495124,31.199911079385156,37.524677094687945,36.92254229005154,36.92415862270606
2026-05-29,31.563795201509095,30.544661708280184,37.3447143871918,36.64058636136242,36.942704284360374
2026-06-01,31.41473384853748,30.19908685845887,38.01529332161881,37.07146989242391,38.01984576494921
2026-06-02,31.660395137788843,30.360325745962168,38.29149682468409,37.291888356118854,38.27273291124307
2026-06-03,31.47557613285357,30.22541076446057,37.873130007197474,36.8784067390606,37.757263276839524
2026-06-04,32.83682836245212,31.696601986388394,39.27177073815993,38.356276534727776,39.19903649547534
2026-06-05,32.605244799207235,31.64085913413375,37.686587126023156,36.9507532802023,37.528268355673845
2026-06-08,32.79374432647793,31.79676981697106,38.15413288433596,37.36508827758709,37.857563147890104
2026-06-09,32.9809745793737,32.141915031332616,37.58097012092632,36.965480568231946,37.23878344563363
2026-06-10,32.99529725348962,32.109629445916575,37.2395572265386,36.55546791295281,36.92868366615971
2026-06-11,33.06663622898856,32.34238862362948,37.24132482119242,36.76921829515778,36.84827598483267
2026-06-12,34.01004784036006,33.268937069128235,38.22885736528192,37.74207200689974,37.87326481112912
2026-06-15,33.497309815859346,32.83008719475051,37.714978580214265,37.3628941561307,37.339620391532314
2026-06-16,34.00170229213566,33.309354779014114,38.05183445880813,37.70370296734755,37.7308993354365
2026-06-17,32.46726850310107,31.73913380819615,36.43751861565079,36.051559063048714,36.205886027717106
2026-06-18,31.618650757942635,30.888582744972325,35.671274949471155,35.33156634287942,35.366541507296965
2026-06-22,31.592003219444862,30.85096284574844,35.595468685081435,35.21222754969329,35.267485465132275
2026-06-23,32.287502071152254,31.568697535746736,35.74307823155134,35.34493709538362,35.45149060396926
2026-06-24,31.639516291051017,31.03470039241911,34.593770019178606,34.335564713087116,34.26756501460362
2026-06-25,30.566115381617532,30.025430416845712,33.291672658454075,33.04822782988992,32.833018235254045
2026-06-26,31.786115358673328,31.41735014490532,34.037851819730314,33.936873519906726,33.37450593562694
2026-06-29,31.820620550406442,31.501960598549484,34.165294980319885,34.13828632930349,33.22414746879709
2026-06-30,31.206005323827647,30.817374445307767,34.055950144424465,33.967550309949935,33.1777014753093
2026-07-01,31.863861786913827,31.336387928764765,34.74239355394224,34.55795183003163,33.78729284236888
2026-07-02,33.934368605278564,33.45382379402788,36.243247980098594,36.09915796776484,35.486609395297485
2026-07-06,33.67970302326482,33.038837422928616,36.39487219504911,36.14821467952134,35.526635944281225
2026-07-07,35.401406409183586,34.70834994134944,38.15510776083144,37.78526940687239,37.34805261167775
2026-07-08,34.37625211205852,33.68513276274607,37.53069991038471,37.11845191305536,36.84750718647034
2026-07-09,34.32965085985564,33.68654931703332,37.415668144652024,37.10373179427484,36.62047302347644
2026-07-10,34.932822051319114,34.20851409253265,38.343301302082075,37.965687650720014,37.6773799024043
2026-07-13,35.95787170070297,35.119680815374934,39.450010527811855,38.91453225198316,38.80397241857085
2026-07-14,36.31675851746428,35.34617969064024,40.392671365945866,39.7705740334944,39.99378571207109
2026-07-15,37.056500043064425,35.97175132224144,41.42320126218786,40.757330791191016,41.14054247290606
2026-07-16,38.059049968492495,37.04341803751827,41.931996316061216,41.31964661320926,41.57219884340573
2026-07-17,37.03998501734178,36.04958778764231,41.01831133819091,40.34726280512626,40.64264724232323
2026-07-20,36.49958966124856,35.335737718656745,40.73859451826567,39.902397639698876,40.465939022991
2026-07-21,37.50543761818057,36.29254301882623,42.065173863714,41.1587070323528,41.75813990225849
2026-07-22,37.97581490844348,36.69158068838432,42.69467350587759,41.700024639430765,42.51365770406173
2026-07-23,36.538613629304194,35.27920332384886,41.05659792058047,39.99515019386,41.33161641067558
2026-07-24,37.40946888659775,36.16124508063567,41.62564721205699,40.58845893592928,41.95913287299009
2026-07-27,37.45066031347628,36.34328301107994,40.85978346984716,39.99504031655938,41.09915046551305
2026-07-28,38.528038710738514,37.5538639927816,41.33325096754517,40.63182550663606,41.48025643835393
2026-07-29,37.48771265414845,36.45914459222925,40.34848581605133,39.52561084026007,40.48853772535068
2026-07-30,38.80349399334495,37.39241910309079,42.8879775694037,41.754902854933306,43.30202825326983
2026-07-31,39.475664272221714,37.984520779858386,43.978747244406,42.78332852104781,44.16818569664203
2026-08-03,40.11174476366675,38.60352349453835,45.03285956733261,43.84827722672249,45.193470539133344
2026-08-04,40.879296882202155,39.40997810948799,45.900522731698004,44.79286818292374,46.26957434248335
2026-08-05,40.81522715292358,39.542775700993474,45.60366061083523,44.68500670020652,46.06019986122985
2026-08-06,40.962999901447425,39.59800910747164,46.080193759142006,45.04874436671899,46.62768074492802
2026-08-07,41.43041821062259,40.183018215568154,46.62475468862552,45.709228732140694,47.13379432351186
2026-08-10,42.799046899420226,41.39908757795616,48.36171325694887,47.239157837966,48.82982457292293
2026-08-11,42.587873173225766,41.10346561701588,48.402625359738735,47.19268115374216,48.97732831125558
2026-08-12,42.528163213462314,41.04693687993506,48.396685550812734,47.15565869041005,49.03685820544288
2026-08-13,42.611981500303365,41.175688756639616,48.43366345539317,47.26720350472895,49.021842819225235
2026-08-14,42.88175257963385,41.35913847890254,48.8645474150256,47.6072508795065,49.447686105010135
2026-08-17,42.550686497107314,41.006584347954345,48.71334693340077,47.404193999869634,49.356004340789795
2026-08-18,43.7693777277866,42.22668059167945,49.727327557788904,48.382171392942006,50.35338174084356
2026-08-19,44.45024553278976,42.98527952660556,50.289883763807985,49.04700590775628,50.73715295665573
2026-08-20,42.5561030152815,40.76348798717135,48.925360870255204,47.362647581883536,49.476397453613764
2026-08-21,43.374593999593955,41.64360751299287,49.62731944940961,48.14400649486288,50.07058276324492
